﻿pos_x,pos_y,rotation,side,designator,mpn,pack,value,mount_type,place
44.07,28.221,90.0,top,BZ1,,PinHeader_1x02_P2.54mm_Vertical,Buzzer,tht,True
11.288,51.501,-90.0,top,C1,,C_0805_2012Metric,10uF,smt,False
10.345,67.61,90.0,top,C10,,C_0603_1608Metric,1u,smt,True
34.825,51.08,-90.0,top,C11,,C_1206_3216Metric,2.2u,smt,True
32.475,51.085,-90.0,top,C12,,C_1206_3216Metric,2.2u,smt,True
35.504,18.735,180.0,top,C13,,C_0603_1608Metric,1u,smt,True
35.45,24.933,180.0,top,C14,,C_0603_1608Metric,1u,smt,True
48.12,16.703,90.0,top,C15,,C_0402_1005Metric,0.1u,smt,True
29.022,51.877,-90.0,top,C18,,C_0603_1608Metric,0.1u,smt,True
30.546,51.877,-90.0,top,C19,,C_0603_1608Metric,10n,smt,True
13.32,51.501,-90.0,top,C2,,C_0805_2012Metric,10uF,smt,True
23.87,48.675,90.0,top,C20,,C_0402_1005Metric,0.1u,smt,False
37.125,51.08,-90.0,top,C3,,C_1206_3216Metric,2.2u,smt,True
39.495,51.075,-90.0,top,C4,,C_1206_3216Metric,2.2u,smt,True
12.27,23.42,180.0,top,C5,,C_0402_1005Metric,0.1u,smt,True
29.662,42.357,0.0,top,C6,,C_0805_2012Metric,22u,smt,True
29.408,43.881,0.0,top,C7,,C_0402_1005Metric,0.1u,smt,True
23.796,42.37,0.0,top,C8,,C_0603_1608Metric,1u,smt,True
17.515,67.88,90.0,top,C9,,C_0603_1608Metric,1u,smt,True
25.92,52.675,180.0,top,D1,,SODFL3618X110N,DSS18UTR,smt,True
4.96,58.255,0.0,top,FID1,,Fiducial_0.75mm_Mask1.5mm,Fiducial,smt,True
39.05,68.315,0.0,top,FID2,,Fiducial_0.75mm_Mask1.5mm,Fiducial,smt,True
6.345,1.82,0.0,top,FID3,,Fiducial_0.75mm_Mask1.5mm,Fiducial,smt,True
46.55,2.215,0.0,top,FID4,,Fiducial_0.75mm_Mask1.5mm,Fiducial,smt,True
45.2,64.9,0.0,top,H1,,MountingHole_2.2mm_M2,MountingHole,tht,False
4.695,64.9,0.0,top,H2,,MountingHole_2.2mm_M2,MountingHole,tht,False
13.405,5.15,0.0,top,H3,,MountingHole_2.2mm_M2,MountingHole,tht,False
36.5,5.15,0.0,top,H4,,MountingHole_2.2mm_M2,MountingHole,tht,False
35.25,21.783,-90.0,top,IC2,,SOT95P285X130-5N,AP7366-33W5-7,smt,True
24.905,67.605,180.0,top,J1,,GSB1C41110SSHR,GSB1C41110SSHR,tht,True
43.87,15.941,90.0,top,J3,,CONN_20021121-00006C4LF_AMP,20021121-00006C4LF,smt,True
20.7775,19.836,0.0,top,J4,,FPC_TFT_LCD,Conn_01x12,smt,True
43.960001,22.037,90.0,top,J5,,CONN_00010C4LF_AMP,20021121-00010C4LF,smt,False
13.87,65.725,-90.0,bottom,J6,,PinHeader_1x02_P2.00mm_Vertical,Conn_01x02_Pin,tht,False
18.838,51.5,0.0,top,L1,,INDPM7366X300N,22uH,smt,True
26.3075,49.775,180.0,top,Q1,,SOT-23,PMV37ENEAR,smt,True
22.445,46.025,180.0,top,Q10,,SOT-23,NPN,smt,True
26.32,46.325,180.0,top,Q11,,SOT-23,PNP,smt,True
47.0075,32.854,0.0,top,Q12,,SOT-23,NPN,smt,True
35.692,15.3545,-90.0,top,Q13,,SOT-23,"T2N7002BK,LM",smt,True
6.36,54.9425,90.0,top,Q14,,SOT-23,NPN,smt,True
6.36,50.88,90.0,top,Q15,,SOT-23,PNP,smt,True
7.42,35.5,90.0,top,Q16,,SOT-23,NPN,smt,True
8.22,39.6,90.0,top,Q17,,SOT-23,PNP,smt,True
3.8,35.025,90.0,top,Q18,,SOT-23,NPN,smt,True
46.954,36.491,0.0,top,Q19,,SOT-23,NPN,smt,True
11.605,59.2525,-90.0,top,Q2,,SOT-23,NPN,smt,True
40.9375,40.479,180.0,top,Q20,,SOT-23,PNP,smt,True
42.82,34.229,0.0,top,Q21,,SOT-23,NPN,smt,True
44.01,55.055,-90.0,top,Q22,,SOT-23,NPN,smt,True
43.86,50.13,-90.0,top,Q23,,SOT-23,PNP,smt,True
47.56,56.4425,90.0,top,Q24,,SOT-23,NPN,smt,True
45.46,60.105,180.0,top,Q25,,SOT-23,PNP,smt,True
2.61,51.43,-90.0,top,Q26,,SOT-23,NPN,smt,True
2.56,46.405,-90.0,top,Q27,,SOT-23,PNP,smt,True
12.31,44.405,-90.0,top,Q28,,SOT-23,NPN,smt,True
11.635,40.1425,-90.0,top,Q29,,SOT-23,PNP,smt,True
37.26,61.025,90.0,top,Q3,,SOT-23,NPN,smt,True
5.355,44.5225,90.0,top,Q4,,SOT-23,NPN,smt,True
8.795,44.5125,90.0,top,Q5,,SOT-23,PNP,smt,True
4.26,40.2,90.0,top,Q6,,SOT-23,NPN,smt,True
45.598,40.2465,90.0,top,Q7,,SOT-23,NPN,smt,True
42.518,44.6205,-90.0,top,Q8,,SOT-23,PNP,smt,True
45.918,44.643,90.0,top,Q9,,SOT-23,NPN,smt,True
18.486,44.643,0.0,top,R1,,R_0402_1005Metric,100,smt,True
41.82,31.999,0.0,top,R10,,R_0402_1005Metric,1k,smt,True
39.07,64.175,0.0,top,R11,,R_0402_1005Metric,16k,smt,True
3.845,24.17,0.0,top,R12,,R_0402_1005Metric,1M,smt,True
5.945,27.995,0.0,top,R13,,R_0402_1005Metric,10k,smt,True
2.32,23.695,-90.0,top,R14,,R_0402_1005Metric,4.99k,smt,True
3.845,23.22,0.0,top,R15,,R_0402_1005Metric,3.3k,smt,True
24.05,43.64,0.0,top,R16,,R_0402_1005Metric,10k,smt,True
16.285,68.28,-90.0,top,R17,,R_0402_1005Metric,2k,smt,True
32.335,68.275,90.0,top,R18,,R_0402_1005Metric,2.2k,smt,True
33.355,68.65,-90.0,top,R19,,R_0402_1005Metric,2.2k,smt,True
33.92,60.275,0.0,top,R2,,R_0402_1005Metric,200k,smt,True
4.63,37.71,180.0,top,R20,,R_0402_1005Metric,1k,smt,True
8.88,32.9675,0.0,top,R21,,R_0402_1005Metric,1k,smt,True
9.72,36.525,90.0,top,R22,,R_0402_1005Metric,100k,smt,True
1.855,16.595,0.0,top,R23,,R_0402_1005Metric,2.4k,smt,True
1.37,23.67,-90.0,top,R24,,R_0402_1005Metric,2k,smt,True
2.17,12.77,0.0,top,R25,,R_0402_1005Metric,1.43k,smt,True
3.77,16.62,0.0,top,R26,,R_0402_1005Metric,1.1k,smt,True
6.13,22.92,0.0,top,R27,,R_0402_1005Metric,510,smt,True
6.12,21.97,0.0,top,R28,,R_0402_1005Metric,510,smt,True
6.12,20.995,0.0,top,R29,,R_0402_1005Metric,510,smt,True
33.92,59.225,0.0,top,R3,,R_0402_1005Metric,10k,smt,True
6.12,20.045,0.0,top,R30,,R_0402_1005Metric,510,smt,True
6.12,19.095,0.0,top,R31,,R_0402_1005Metric,510,smt,True
6.12,18.145,0.0,top,R32,,R_0402_1005Metric,510,smt,True
6.12,17.17,0.0,top,R33,,R_0402_1005Metric,510,smt,True
6.12,16.22,0.0,top,R34,,R_0402_1005Metric,510,smt,True
10.07,29.045,180.0,top,R35,,R_0402_1005Metric,10k,smt,True
10.795,23.895,-90.0,top,R36,,R_0402_1005Metric,10k,smt,True
14.91,22.92,180.0,top,R37,,R_0402_1005Metric,510,smt,True
14.91,21.97,180.0,top,R38,,R_0402_1005Metric,510,smt,True
14.92,21.02,180.0,top,R39,,R_0402_1005Metric,510,smt,True
9.32,65.4,0.0,top,R4,,R_0402_1005Metric,30k,smt,True
14.92,20.07,180.0,top,R40,,R_0402_1005Metric,510,smt,True
14.92,19.095,180.0,top,R41,,R_0402_1005Metric,510,smt,True
14.935,18.145,180.0,top,R42,,R_0402_1005Metric,510,smt,True
14.945,17.195,180.0,top,R43,,R_0402_1005Metric,510,smt,True
14.095,16.15,0.0,top,R44,,R_0402_1005Metric,510,smt,True
9.02,62.94,90.0,top,R45,,R_0402_1005Metric,16k,smt,True
16.295,14.07,0.0,top,R46,,R_0402_1005Metric,2.4k,smt,True
17.445,24.17,90.0,top,R47,,R_0402_1005Metric,1M,smt,True
20.22,16.255,-90.0,top,R48,,R_0402_1005Metric,2k,smt,True
12.645,24.945,-90.0,top,R49,,R_0402_1005Metric,10k,smt,True
16.975,62.21,-90.0,top,R5,,R_0402_1005Metric,30k,smt,True
17.645,18.52,180.0,top,R50,,R_0402_1005Metric,4.99k,smt,True
11.63,12.475,180.0,top,R51,,R_0402_1005Metric,1.43k,smt,True
19.32,18.42,90.0,top,R52,,R_0402_1005Metric,3.3k,smt,True
14.52,14.45,90.0,top,R53,,R_0402_1005Metric,1.1k,smt,True
1.945,38.75,90.0,top,R54,,R_0402_1005Metric,300,smt,True
5.405,31.8675,0.0,top,R55,,R_0402_1005Metric,300,smt,True
2.255,32.5425,0.0,top,R56,,R_0402_1005Metric,300,smt,True
6.855,32.8675,0.0,top,R57,,R_0402_1005Metric,300,smt,True
48.204,41.849,90.0,top,R58,,R_0402_1005Metric,300,smt,True
44.004,36.825,0.0,top,R59,,R_0402_1005Metric,300,smt,True
8.575,42.0225,0.0,top,R6,,R_0402_1005Metric,100k,smt,True
40.295,34.644,-90.0,top,R60,,R_0402_1005Metric,300,smt,True
41.854,36.825,180.0,top,R61,,R_0402_1005Metric,300,smt,True
8.345,23.87,-90.0,top,R62,,R_0402_1005Metric,10k,smt,True
12.87,36.75,-90.0,top,R63,,R_0402_1005Metric,10k,smt,True
46.735,53.28,90.0,top,R64,,R_0402_1005Metric,300,smt,True
2.31,43.18,0.0,top,R65,,R_0402_1005Metric,1M,smt,True
23.87,50.525,-90.0,top,R66,,R_0402_1005Metric,10k,smt,False
1.96,59.23,90.0,top,R67,,R_0402_1005Metric,1M,smt,True
6.995,14.925,180.0,top,R68,,R_0402_1005Metric,10k,smt,True
6.995,13.875,0.0,top,R69,,R_0402_1005Metric,10k,smt,True
47.878,39.389,90.0,top,R7,,R_0402_1005Metric,1k,smt,True
7.895,57.775,0.0,top,R70,,R_0402_1005Metric,33k,smt,True
6.495,58.26,-90.0,top,R71,,R_0402_1005Metric,100k,smt,True
41.495,29.171,90.0,top,R72,,R_0402_1005Metric,1K,smt,True
43.895,32.004,180.0,top,R73,,R_0402_1005Metric,1K,smt,True
45.355,30.621,180.0,top,R74,,R_0402_1005Metric,1K,smt,True
48.035,53.255,-90.0,top,R75,,R_0402_1005Metric,1k,smt,True
30.424,17.465,90.0,top,R76,,R_0402_1005Metric,10,smt,True
43.725,52.605,180.0,top,R77,,R_0402_1005Metric,100k,smt,True
14.422,37.785,180.0,top,R78,,R_0402_1005Metric,100,smt,True
44.385,57.48,0.0,top,R79,,R_0402_1005Metric,300,smt,True
42.616,47.233,180.0,top,R8,,R_0402_1005Metric,100k,smt,True
42.91,57.93,90.0,top,R80,,R_0402_1005Metric,1k,smt,True
44.66,47.405,0.0,top,R81,,R_0402_1005Metric,10k,smt,True
47.91,59.98,90.0,top,R82,,R_0402_1005Metric,100k,smt,True
3.535,54.43,-90.0,top,R83,,R_0402_1005Metric,300,smt,True
1.685,54.305,90.0,top,R84,,R_0402_1005Metric,1k,smt,True
2.535,48.905,180.0,top,R85,,R_0402_1005Metric,100k,smt,True
14.535,43.78,90.0,top,R86,,R_0402_1005Metric,300,smt,True
11.86,46.88,0.0,top,R87,,R_0402_1005Metric,1k,smt,True
13.985,41.305,90.0,top,R88,,R_0402_1005Metric,100k,smt,True
14.01,39.305,-90.0,top,R89,,R_0402_1005Metric,10k,smt,True
43.365,41.225,90.0,top,R9,,R_0402_1005Metric,100k,smt,True
48.385,61.655,0.0,top,R90,,R_0402_1005Metric,1M,smt,True
41.76,62.18,-90.0,top,R91,,R_0402_1005Metric,1M,smt,True
7.67,9.505,90.0,top,S1,,SW4_PTS815 SJM 250 SMTR LFS_CNK,PTS815 SJM 250 SMTR LFS,smt,True
42.235,9.505,90.0,top,S2,,SW4_PTS815 SJM 250 SMTR LFS_CNK,PTS815 SJM 250 SMTR LFS,smt,True
24.905,15.449999,0.0,top,S3,,SW4_PTS815 SJM 250 SMTR LFS_CNK,PTS815 SJM 250 SMTR LFS,smt,True
31.893,9.505,-90.0,top,S4,,SW4_PTS815 SJM 250 SMTR LFS_CNK,PTS815 SJM 250 SMTR LFS,smt,True
17.917,9.505,90.0,top,S5,,SW4_PTS815 SJM 250 SMTR LFS_CNK,PTS815 SJM 250 SMTR LFS,smt,True
24.905,3.56,0.0,top,S6,,SW4_PTS815 SJM 250 SMTR LFS_CNK,PTS815 SJM 250 SMTR LFS,smt,True
24.905,9.505,0.0,top,S7,,SW4_PTS815 SJM 250 SMTR LFS_CNK,PTS815 SJM 250 SMTR LFS,smt,True
13.195,63.12,0.0,top,U1,,ADA4522-2ARMZ-R7,ADA4522-2ARMZ-R7,smt,True
17.795,20.62,180.0,top,U10,,SOT-363-6_2P2X1P35_ONS,2N7002KDW_R1_00001,smt,True
12.195,14.425,180.0,top,U11,,SOT-363-6_2P2X1P35_ONS,2N7002KDW_R1_00001,smt,True
25.29,34.28,-90.0,top,U12,,XCVR_ESP32-MINI-1-N4,ESP32-MINI-1-N4,smt,True
10.5561,19.62,0.0,top,U2,,HUQFN32_PCAL6524_NXP,PCAL6524HEAZ,smt,True
13.485,67.98,0.0,top,U3,,SOT-23-5_MC_MCH,MCP73812T-420I/OT,smt,True
5.52,26.045,180.0,top,U4,,SOT-363-6_2P2X1P35_ONS,2N7002KDW_R1_00001,smt,True
3.145,14.695,180.0,top,U5,,SOT-363-6_2P2X1P35_ONS,2N7002KDW_R1_00001,smt,True
3.12,21.295,180.0,top,U6,,SOT-363-6_2P2X1P35_ONS,2N7002KDW_R1_00001,smt,True
3.145,18.545,180.0,top,U7,,SOT-363-6_2P2X1P35_ONS,2N7002KDW_R1_00001,smt,True
17.92,16.02,180.0,top,U8,,SOT-363-6_2P2X1P35_ONS,2N7002KDW_R1_00001,smt,True
14.9475,25.044999,0.0,top,U9,,SOT-363-6_2P2X1P35_ONS,2N7002KDW_R1_00001,smt,True
