﻿pos_x,pos_y,rotation,side,designator,mpn,pack,value,mount_type,place
12.02,54.61,-90.0,top,C1,,C_0805_2012Metric,10uF,smt,False
11.995,67.46,90.0,top,C10,,C_0603_1608Metric,1u,smt,True
35.07,54.735,-90.0,top,C11,,C_1206_3216Metric,2.2u,smt,True
32.72,54.74,-90.0,top,C12,,C_1206_3216Metric,2.2u,smt,True
14.21,49.04,180.0,top,C13,,C_0603_1608Metric,1u,smt,True
19.95,49.15,0.0,top,C14,,C_0603_1608Metric,1u,smt,True
14.02,54.61,-90.0,top,C2,,C_0805_2012Metric,10uF,smt,True
37.37,54.735,-90.0,top,C3,,C_1206_3216Metric,2.2u,smt,True
39.74,54.73,-90.0,top,C4,,C_1206_3216Metric,2.2u,smt,True
39.52,64.86,-90.0,top,C5,,C_0402_1005Metric,0.1u,smt,True
30.81,50.28,0.0,top,C6,,C_0402_1005Metric,0.1u,smt,True
30.87,48.77,0.0,top,C7,,C_0805_2012Metric,22u,smt,True
27.92,49.31,180.0,top,C8,,C_0402_1005Metric,DNP,smt,False
19.62,67.76,90.0,top,C9,,C_0603_1608Metric,1u,smt,True
31.77,59.36,180.0,top,D1,,D_SMB,SK520B,smt,True
1.4,67.3,0.0,top,FID1,,Fiducial_0.75mm_Mask1.5mm,Fiducial,smt,True
39.6,68.2,0.0,top,FID2,,Fiducial_0.75mm_Mask1.5mm,Fiducial,smt,True
3.1,11.4,0.0,top,FID3,,Fiducial_0.75mm_Mask1.5mm,Fiducial,smt,True
47.7,16.1,0.0,top,FID4,,Fiducial_0.75mm_Mask1.5mm,Fiducial,smt,True
48.02,40.06,0.0,top,H1,,MountingHole_3.2mm_M3,MountingHole,tht,False
2.92,40.06,0.0,top,H2,,MountingHole_3.2mm_M3,MountingHole,tht,False
2.62,3.16,0.0,top,H3,,MountingHole_3.2mm_M3,MountingHole,tht,False
48.12,3.06,0.0,top,H4,,MountingHole_3.2mm_M3,MountingHole,tht,False
25.92,37.21,-90.0,top,IC1,,ESP32WROOM32EN8,ESP32-WROOM-32E-N8,smt,True
25.67,66.46,180.0,top,J1,,GCT_USB4125-GF-A_REVA2,USB4125-GF-A_REVA2,smt,True
44.92,64.01,180.0,top,J2,,TENSILITY_54-00170,54-00170,tht,True
6.52,64.01,180.0,top,J3,,TENSILITY_54-00170,54-00170,tht,True
21.3275,19.721,0.0,top,J4,,FPC_TFT_LCD,Conn_01x12,smt,True
45.970001,26.26,90.0,top,J5,,CONN_00010C4LF_AMP,20021121-00010C4LF,smt,False
1.22,55.16,180.0,top,J6,,PinHeader_1x02_P2.00mm_Vertical,Conn_01x02_Pin,tht,False
21.5,55.38,0.0,top,L1,,IND_104CDM_SUM,33uH,smt,True
29.82,55.0975,90.0,top,Q1,,SOT-23,PMV37ENEAR,smt,True
8.21,46.2925,90.0,top,Q16,,SOT-23,NPN,smt,True
8.2,50.21,90.0,top,Q17,,SOT-23,PNP,smt,True
4.59,45.8175,90.0,top,Q18,,SOT-23,NPN,smt,True
46.32,46.5,0.0,top,Q19,,SOT-23,NPN,smt,True
13.3,59.4125,-90.0,top,Q2,,SOT-23,NPN,smt,True
37.78,50.59,180.0,top,Q20,,SOT-23,PNP,smt,True
42.28,44.54,0.0,top,Q21,,SOT-23,NPN,smt,True
37.81,60.91,90.0,top,Q3,,SOT-23,NPN,smt,True
4.58,55.16,90.0,top,Q4,,SOT-23,NPN,smt,True
8.02,55.15,90.0,top,Q5,,SOT-23,PNP,smt,True
4.56,50.81,90.0,top,Q6,,SOT-23,NPN,smt,True
42.66,50.3575,90.0,top,Q7,,SOT-23,NPN,smt,True
42.71,54.2675,-90.0,top,Q8,,SOT-23,PNP,smt,True
46.11,54.29,90.0,top,Q9,,SOT-23,NPN,smt,True
29.03,52.06,180.0,top,R1,,R_0402_1005Metric,0,smt,True
41.77,42.18,0.0,top,R10,,R_0402_1005Metric,1k,smt,True
28.94,50.27,180.0,top,R16,,R_0402_1005Metric,DNP,smt,False
18.28,68.16,-90.0,top,R17,,R_0402_1005Metric,2k,smt,True
31.92,68.96,180.0,top,R18,,R_0402_1005Metric,2.2k,smt,True
31.92,67.96,0.0,top,R19,,R_0402_1005Metric,2.2k,smt,True
36.62,57.56,0.0,top,R2,,R_0402_1005Metric,200k,smt,True
4.93,48.32,180.0,top,R20,,R_0402_1005Metric,1k,smt,True
9.67,43.58,0.0,top,R21,,R_0402_1005Metric,1k,smt,True
10.44,47.28,90.0,top,R22,,R_0402_1005Metric,100k,smt,True
38.51,57.55,0.0,top,R3,,R_0402_1005Metric,11.5k,smt,True
35.52,67.26,0.0,top,R4,,R_0402_1005Metric,1k,smt,True
18.52,62.46,-90.0,top,R5,,R_0402_1005Metric,1k,smt,True
7.8,52.68,0.0,top,R6,,R_0402_1005Metric,100k,smt,True
44.94,49.5,90.0,top,R7,,R_0402_1005Metric,1k,smt,True
42.43,56.88,180.0,top,R8,,R_0402_1005Metric,100k,smt,True
40.34,51.33,90.0,top,R9,,R_0402_1005Metric,100k,smt,True
8.22,9.39,90.0,top,S1,,SW_PTS647SM38SMTR2LFS_CNK,PTS647SM38SMTR2LFS,smt,True
42.6,9.39,90.0,top,S2,,SW_PTS647SM38SMTR2LFS_CNK,PTS647SM38SMTR2LFS,smt,True
25.32,15.47,0.0,top,S3,,SW_PTS647SM38SMTR2LFS_CNK,PTS647SM38SMTR2LFS,smt,True
32.52,9.37,-90.0,top,S4,,SW_PTS647SM38SMTR2LFS_CNK,PTS647SM38SMTR2LFS,smt,True
18.119999,9.37,90.0,top,S5,,SW_PTS647SM38SMTR2LFS_CNK,PTS647SM38SMTR2LFS,smt,True
25.32,3.47,0.0,top,S6,,SW_PTS647SM38SMTR2LFS_CNK,PTS647SM38SMTR2LFS,smt,True
25.32,9.47,0.0,top,S7,,SW_PTS647SM38SMTR2LFS_CNK,PTS647SM38SMTR2LFS,smt,True
14.72,63.36,0.0,top,U1,,ADA4522-2ARMZ-R7,ADA4522-2ARMZ-R7,smt,True
35.82,64.76,180.0,top,U2,,MSOP10_MC_MCH,MCP4232-503E/UN,smt,True
15.395,67.685,0.0,top,U3,,SOT-23-5_MC_MCH,MCP73811T-420I/OT,smt,True
17.1423,49.019999,180.0,top,U4,,XDFN6_711AT_ONS,NCP176AMX330TCG,smt,True
