﻿designator,quantity,value,pack,mpn,mount_type
"C1, C2",2,10uF,C_0805_2012Metric,,smt
"C10, C13, C14, C9",4,1u,C_0603_1608Metric,,smt
"C11, C12, C3, C4",4,2.2u,C_1206_3216Metric,,smt
"C15, C6",2,0.1u,C_0402_1005Metric,,smt
C7,1,22u,C_0805_2012Metric,,smt
C8,1,DNP,C_0402_1005Metric,,smt
D1,1,SK520B,D_SMB,,smt
"FID1, FID2, FID3, FID4",4,Fiducial,Fiducial_0.75mm_Mask1.5mm,,smt
"H1, H2, H3, H4",4,MountingHole,MountingHole_2.2mm_M2,,tht
IC1,1,ESP32-WROOM-32E-N8,ESP32WROOM32EN8,,smt
IC2,1,AP7366-33W5-7,SOT95P285X130-5N,,smt
J1,1,USB4125-GF-A_REVA2,GCT_USB4125-GF-A_REVA2,,smt
"J2, J7",2,PJ-040-SMT-TR,CUI_PJ-040-SMT-TR,,smt
J3,1,20021121-00006C4LF,CONN_20021121-00006C4LF_AMP,,smt
J4,1,Conn_01x12,FPC_TFT_LCD,,smt
J5,1,20021121-00010C4LF,CONN_00010C4LF_AMP,,smt
J6,1,Conn_01x02_Pin,PinHeader_1x02_P2.00mm_Vertical,,tht
L1,1,22uH,INDPM7366X300N,,smt
Q1,1,PMV37ENEAR,SOT-23,,smt
"Q10, Q16, Q18, Q19, Q2, Q21, Q3, Q4, Q6, Q7, Q9",11,NPN,SOT-23,,smt
"Q11, Q17, Q20, Q5, Q8",5,PNP,SOT-23,,smt
R1,1,100,R_0402_1005Metric,,smt
"R10, R20, R21, R4, R7",5,1k,R_0402_1005Metric,,smt
"R11, R45",2,16k,R_0402_1005Metric,,smt
"R12, R47",2,1M,R_0402_1005Metric,,smt
"R13, R35, R36, R49, R62",5,10k,R_0402_1005Metric,,smt
"R14, R50",2,4.99k,R_0402_1005Metric,,smt
"R15, R24, R48, R52",4,3.3k,R_0402_1005Metric,,smt
R16,1,DNP,R_0402_1005Metric,,smt
R17,1,2k,R_0402_1005Metric,,smt
"R18, R19",2,2.2k,R_0402_1005Metric,,smt
R2,1,200k,R_0402_1005Metric,,smt
"R22, R6, R8, R9",4,100k,R_0402_1005Metric,,smt
"R23, R46",2,2.4k,R_0402_1005Metric,,smt
"R25, R51",2,1.43k,R_0402_1005Metric,,smt
"R26, R53",2,1.1k,R_0402_1005Metric,,smt
"R27, R28, R29, R30, R31, R32, R33, R34, R37, R38, R39, R40, R41, R42, R43, R44",16,510,R_0402_1005Metric,,smt
R3,1,11.5k,R_0402_1005Metric,,smt
R5,1,30k,R_0402_1005Metric,,smt
"R54, R55, R56, R57, R58, R59, R60, R61",8,300,R_0402_1005Metric,,smt
"S1, S2, S3, S4, S5, S6, S7",7,PTS815 SJM 250 SMTR LFS,SW4_PTS815 SJM 250 SMTR LFS_CNK,,smt
U1,1,ADA4522-2ARMZ-R7,ADA4522-2ARMZ-R7,,smt
"U10, U11, U4, U5, U6, U7, U8, U9",8,2N7002KDW_R1_00001,SOT-363-6_2P2X1P35_ONS,,smt
U2,1,TCA9535RTWR,QFN50P400X400X80-25N,,smt
U3,1,MCP73811T-420I/OT,SOT-23-5_MC_MCH,,smt
