﻿designator,quantity,value,pack,mpn,mount_type
"C1, C2",2,10uF,C_0805_2012Metric,,smt
"C10, C13, C14, C9",4,1u,C_0603_1608Metric,,smt
"C11, C12, C3, C4",4,2.2u,C_1206_3216Metric,,smt
"C5, C6",2,0.1u,C_0402_1005Metric,,smt
C7,1,22u,C_0805_2012Metric,,smt
C8,1,DNP,C_0402_1005Metric,,smt
D1,1,SK520B,D_SMB,,smt
"FID1, FID2, FID3, FID4",4,Fiducial,Fiducial_0.75mm_Mask1.5mm,,smt
"H1, H2, H3, H4",4,MountingHole,MountingHole_3.2mm_M3,,tht
IC1,1,ESP32-WROOM-32E-N8,ESP32WROOM32EN8,,smt
J1,1,USB4125-GF-A_REVA2,GCT_USB4125-GF-A_REVA2,,smt
"J2, J3",2,54-00170,TENSILITY_54-00170,,tht
J4,1,Conn_01x12,FPC_TFT_LCD,,smt
J5,1,20021121-00010C4LF,CONN_00010C4LF_AMP,,smt
J6,1,Conn_01x02_Pin,PinHeader_1x02_P2.00mm_Vertical,,tht
L1,1,33uH,IND_104CDM_SUM,,smt
Q1,1,PMV37ENEAR,SOT-23,,smt
"Q16, Q18, Q19, Q2, Q21, Q3, Q4, Q6, Q7, Q9",10,NPN,SOT-23,,smt
"Q17, Q20, Q5, Q8",4,PNP,SOT-23,,smt
R1,1,0,R_0402_1005Metric,,smt
"R10, R20, R21, R4, R5, R7",6,1k,R_0402_1005Metric,,smt
R16,1,DNP,R_0402_1005Metric,,smt
R17,1,2k,R_0402_1005Metric,,smt
"R18, R19",2,2.2k,R_0402_1005Metric,,smt
R2,1,200k,R_0402_1005Metric,,smt
"R22, R6, R8, R9",4,100k,R_0402_1005Metric,,smt
R3,1,11.5k,R_0402_1005Metric,,smt
"S1, S2, S3, S4, S5, S6, S7",7,PTS647SM38SMTR2LFS,SW_PTS647SM38SMTR2LFS_CNK,,smt
U1,1,ADA4522-2ARMZ-R7,ADA4522-2ARMZ-R7,,smt
U2,1,MCP4232-503E/UN,MSOP10_MC_MCH,,smt
U3,1,MCP73811T-420I/OT,SOT-23-5_MC_MCH,,smt
U4,1,NCP176AMX330TCG,XDFN6_711AT_ONS,,smt
