﻿pos_x,pos_y,rotation,side,designator,mpn,pack,value,mount_type,place
11.2,54.705,-90.0,top,C1,,C_0805_2012Metric,10uF,smt,False
9.675,67.555,90.0,top,C10,,C_0603_1608Metric,1u,smt,True
32.75,54.83,-90.0,top,C11,,C_1206_3216Metric,2.2u,smt,True
30.4,54.835,-90.0,top,C12,,C_1206_3216Metric,2.2u,smt,True
22.25,50.955,0.0,top,C13,,C_0603_1608Metric,1u,smt,True
15.1,50.005,-90.0,top,C14,,C_0603_1608Metric,1u,smt,True
37.83627,19.535,90.0,top,C15,,C_0402_1005Metric,0.1u,smt,True
13.2,54.705,-90.0,top,C2,,C_0805_2012Metric,10uF,smt,True
35.05,54.83,-90.0,top,C3,,C_1206_3216Metric,2.2u,smt,True
37.42,54.825,-90.0,top,C4,,C_1206_3216Metric,2.2u,smt,True
29.45,62.905,180.0,top,C5,,C_0402_1005Metric,0.1u,smt,True
28.49,50.375,0.0,top,C6,,C_0402_1005Metric,0.1u,smt,True
28.55,48.865,0.0,top,C7,,C_0805_2012Metric,22u,smt,True
25.6,49.405,180.0,top,C8,,C_0402_1005Metric,DNP,smt,False
17.3,67.855,90.0,top,C9,,C_0603_1608Metric,1u,smt,True
27.85,59.455,180.0,top,D1,,D_SMB,SK520B,smt,True
4.88,32.195,0.0,top,FID1,,Fiducial_0.75mm_Mask1.5mm,Fiducial,smt,True
37.28,68.295,0.0,top,FID2,,Fiducial_0.75mm_Mask1.5mm,Fiducial,smt,True
2.03,2.095,0.0,top,FID3,,Fiducial_0.75mm_Mask1.5mm,Fiducial,smt,True
44.78,2.195,0.0,top,FID4,,Fiducial_0.75mm_Mask1.5mm,Fiducial,smt,True
43.23,37.845,0.0,top,H1,,MountingHole_2.2mm_M2,MountingHole,tht,False
3.58,37.845,0.0,top,H2,,MountingHole_2.2mm_M2,MountingHole,tht,False
10.73,3.295,0.0,top,H3,,MountingHole_2.2mm_M2,MountingHole,tht,False
35.38,3.745,0.0,top,H4,,MountingHole_2.2mm_M2,MountingHole,tht,False
23.6,37.305,-90.0,top,IC1,,ESP32WROOM32EN8,ESP32-WROOM-32E-N8,smt,True
18.25,50.005,0.0,top,IC2,,SOT95P285X130-5N,AP7366-33W5-7,smt,True
23.35,66.555,180.0,top,J1,,GCT_USB4125-GF-A_REVA2,USB4125-GF-A_REVA2,smt,True
3.75,65.85,-90.0,top,J2,,CUI_PJ-040-SMT-TR,PJ-040-SMT-TR,smt,True
42.1,18.755,90.0,top,J3,,CONN_20021121-00006C4LF_AMP,20021121-00006C4LF,smt,True
19.0075,19.816,0.0,top,J4,,FPC_TFT_LCD,Conn_01x12,smt,True
42.190001,26.355,90.0,top,J5,,CONN_00010C4LF_AMP,20021121-00010C4LF,smt,False
12.1,65.705,-90.0,bottom,J6,,PinHeader_1x02_P2.00mm_Vertical,Conn_01x02_Pin,tht,False
42.9,65.85,-90.0,top,J7,,CUI_PJ-040-SMT-TR,PJ-040-SMT-TR,smt,True
19.15,56.005,0.0,top,L1,,INDPM7366X300N,10uH,smt,True
25.9,55.1925,90.0,top,Q1,,SOT-23,PMV37ENEAR,smt,True
5.89,46.3875,90.0,top,Q16,,SOT-23,NPN,smt,True
5.88,50.305,90.0,top,Q17,,SOT-23,PNP,smt,True
2.27,45.9125,90.0,top,Q18,,SOT-23,NPN,smt,True
44.0,46.595,0.0,top,Q19,,SOT-23,NPN,smt,True
10.63,59.2325,-90.0,top,Q2,,SOT-23,NPN,smt,True
35.46,50.685,180.0,top,Q20,,SOT-23,PNP,smt,True
39.96,44.635,0.0,top,Q21,,SOT-23,NPN,smt,True
35.49,61.005,90.0,top,Q3,,SOT-23,NPN,smt,True
2.26,55.255,90.0,top,Q4,,SOT-23,NPN,smt,True
5.7,55.245,90.0,top,Q5,,SOT-23,PNP,smt,True
2.24,50.905,90.0,top,Q6,,SOT-23,NPN,smt,True
40.34,50.4525,90.0,top,Q7,,SOT-23,NPN,smt,True
40.39,54.3625,-90.0,top,Q8,,SOT-23,PNP,smt,True
43.79,54.385,90.0,top,Q9,,SOT-23,NPN,smt,True
26.71,52.155,180.0,top,R1,,R_0402_1005Metric,0,smt,True
39.45,42.275,0.0,top,R10,,R_0402_1005Metric,1k,smt,True
26.62,50.365,180.0,top,R16,,R_0402_1005Metric,DNP,smt,False
15.96,68.255,-90.0,top,R17,,R_0402_1005Metric,2k,smt,True
29.6,69.055,180.0,top,R18,,R_0402_1005Metric,2.2k,smt,True
29.6,68.055,0.0,top,R19,,R_0402_1005Metric,2.2k,smt,True
34.3,57.655,0.0,top,R2,,R_0402_1005Metric,200k,smt,True
2.61,48.415,180.0,top,R20,,R_0402_1005Metric,1k,smt,True
7.35,43.675,0.0,top,R21,,R_0402_1005Metric,1k,smt,True
8.12,47.375,90.0,top,R22,,R_0402_1005Metric,100k,smt,True
36.19,57.645,0.0,top,R3,,R_0402_1005Metric,11.5k,smt,True
33.2,67.355,0.0,top,R4,,R_0402_1005Metric,1k,smt,True
16.2,62.555,-90.0,top,R5,,R_0402_1005Metric,1k,smt,True
5.48,52.775,0.0,top,R6,,R_0402_1005Metric,100k,smt,True
42.62,49.595,90.0,top,R7,,R_0402_1005Metric,1k,smt,True
40.11,56.975,180.0,top,R8,,R_0402_1005Metric,100k,smt,True
38.02,51.425,90.0,top,R9,,R_0402_1005Metric,100k,smt,True
5.9,9.485,90.0,top,S1,,SW4_PTS815 SJM 250 SMTR LFS_CNK,PTS815 SJM 250 SMTR LFS,smt,True
40.35,9.485,90.0,top,S2,,SW4_PTS815 SJM 250 SMTR LFS_CNK,PTS815 SJM 250 SMTR LFS,smt,True
22.9,15.429999,0.0,top,S3,,SW4_PTS815 SJM 250 SMTR LFS_CNK,PTS815 SJM 250 SMTR LFS,smt,True
30.024999,9.485,-90.0,top,S4,,SW4_PTS815 SJM 250 SMTR LFS_CNK,PTS815 SJM 250 SMTR LFS,smt,True
15.85,9.485,90.0,top,S5,,SW4_PTS815 SJM 250 SMTR LFS_CNK,PTS815 SJM 250 SMTR LFS,smt,True
22.9,3.555,0.0,top,S6,,SW4_PTS815 SJM 250 SMTR LFS_CNK,PTS815 SJM 250 SMTR LFS,smt,True
22.9,9.485,0.0,top,S7,,SW4_PTS815 SJM 250 SMTR LFS_CNK,PTS815 SJM 250 SMTR LFS,smt,True
12.4,63.095,0.0,top,U1,,ADA4522-2ARMZ-R7,ADA4522-2ARMZ-R7,smt,True
33.5,64.855,180.0,top,U2,,MSOP10_MC_MCH,MCP4232-503E/UN,smt,True
13.075,67.955001,0.0,top,U3,,SOT-23-5_MC_MCH,MCP73811T-420I/OT,smt,True
