﻿pos_x,pos_y,rotation,side,designator,mpn,pack,value,mount_type,place
12.55,54.705,-90.0,top,C1,,C_0805_2012Metric,10uF,smt,False
11.025,67.555,90.0,top,C10,,C_0603_1608Metric,1u,smt,True
34.1,54.83,-90.0,top,C11,,C_1206_3216Metric,2.2u,smt,True
31.75,54.835,-90.0,top,C12,,C_1206_3216Metric,2.2u,smt,True
18.175,49.83,-90.0,top,C13,,C_0603_1608Metric,1u,smt,True
12.0,50.005,-90.0,top,C14,,C_0603_1608Metric,1u,smt,True
47.7,20.58,-90.0,top,C15,,C_0402_1005Metric,0.1u,smt,True
14.55,54.705,-90.0,top,C2,,C_0805_2012Metric,10uF,smt,True
36.4,54.83,-90.0,top,C3,,C_1206_3216Metric,2.2u,smt,True
38.77,54.825,-90.0,top,C4,,C_1206_3216Metric,2.2u,smt,True
33.025,50.43,0.0,top,C6,,C_0402_1005Metric,0.1u,smt,True
32.375,48.83,0.0,top,C7,,C_0805_2012Metric,22u,smt,True
29.65,50.005,90.0,top,C8,,C_0402_1005Metric,DNP,smt,False
18.65,67.855,90.0,top,C9,,C_0603_1608Metric,1u,smt,True
29.2,59.455,180.0,top,D1,,D_SMB,SK520B,smt,True
6.1,32.755,0.0,top,FID1,,Fiducial_0.75mm_Mask1.5mm,Fiducial,smt,True
38.63,68.295,0.0,top,FID2,,Fiducial_0.75mm_Mask1.5mm,Fiducial,smt,True
3.38,2.095,0.0,top,FID3,,Fiducial_0.75mm_Mask1.5mm,Fiducial,smt,True
46.13,2.195,0.0,top,FID4,,Fiducial_0.75mm_Mask1.5mm,Fiducial,smt,True
44.125,37.88,0.0,top,H1,,MountingHole_2.2mm_M2,MountingHole,tht,False
4.93,37.845,0.0,top,H2,,MountingHole_2.2mm_M2,MountingHole,tht,False
12.625,3.955,0.0,top,H3,,MountingHole_2.2mm_M2,MountingHole,tht,False
35.9,3.955,0.0,top,H4,,MountingHole_2.2mm_M2,MountingHole,tht,False
24.95,37.305,-90.0,top,IC1,,ESP32WROOM32EN8,ESP32-WROOM-32E-N8,smt,True
15.15,49.805,0.0,top,IC2,,SOT95P285X130-5N,AP7366-33W5-7,smt,True
24.7,66.555,180.0,top,J1,,GCT_USB4125-GF-A_REVA2,USB4125-GF-A_REVA2,smt,True
5.1,65.85,-90.0,top,J2,,CUI_PJ-040-SMT-TR,PJ-040-SMT-TR,smt,True
43.45,18.755,90.0,top,J3,,CONN_20021121-00006C4LF_AMP,20021121-00006C4LF,smt,True
20.3575,19.816,0.0,top,J4,,FPC_TFT_LCD,Conn_01x12,smt,True
43.540001,26.355,90.0,top,J5,,CONN_00010C4LF_AMP,20021121-00010C4LF,smt,False
13.45,65.705,-90.0,bottom,J6,,PinHeader_1x02_P2.00mm_Vertical,Conn_01x02_Pin,tht,False
44.25,65.85,-90.0,top,J7,,CUI_PJ-040-SMT-TR,PJ-040-SMT-TR,smt,True
20.65,57.48,0.0,top,L1,,INDPM7366X300N,22uH,smt,True
27.25,55.1925,90.0,top,Q1,,SOT-23,PMV37ENEAR,smt,True
22.1625,51.83,180.0,top,Q10,,SOT-23,NPN,smt,True
26.2375,51.33,180.0,top,Q11,,SOT-23,PNP,smt,True
7.24,46.3875,90.0,top,Q16,,SOT-23,NPN,smt,True
7.23,50.305,90.0,top,Q17,,SOT-23,PNP,smt,True
3.62,45.9125,90.0,top,Q18,,SOT-23,NPN,smt,True
46.575,46.655,0.0,top,Q19,,SOT-23,NPN,smt,True
11.98,59.2325,-90.0,top,Q2,,SOT-23,NPN,smt,True
36.81,50.685,180.0,top,Q20,,SOT-23,PNP,smt,True
42.4,44.505,0.0,top,Q21,,SOT-23,NPN,smt,True
36.84,61.005,90.0,top,Q3,,SOT-23,NPN,smt,True
3.61,55.255,90.0,top,Q4,,SOT-23,NPN,smt,True
7.05,55.245,90.0,top,Q5,,SOT-23,PNP,smt,True
3.59,50.905,90.0,top,Q6,,SOT-23,NPN,smt,True
41.69,50.4525,90.0,top,Q7,,SOT-23,NPN,smt,True
41.74,54.3625,-90.0,top,Q8,,SOT-23,PNP,smt,True
45.14,54.385,90.0,top,Q9,,SOT-23,NPN,smt,True
25.74,48.655,0.0,top,R1,,R_0402_1005Metric,100,smt,True
41.4,42.275,0.0,top,R10,,R_0402_1005Metric,1k,smt,True
38.765,66.105,0.0,top,R11,,R_0402_1005Metric,16k,smt,True
7.375,26.28,0.0,top,R12,,R_0402_1005Metric,1M,smt,True
4.54,24.07,-90.0,top,R13,,R_0402_1005Metric,10k,smt,True
4.0,21.43,0.0,top,R14,,R_0402_1005Metric,4.99k,smt,True
0.95,19.28,-90.0,top,R15,,R_0402_1005Metric,3.3k,smt,True
31.1,50.43,180.0,top,R16,,R_0402_1005Metric,DNP,smt,False
17.31,68.255,-90.0,top,R17,,R_0402_1005Metric,2k,smt,True
30.95,69.055,180.0,top,R18,,R_0402_1005Metric,2.2k,smt,True
30.95,68.055,0.0,top,R19,,R_0402_1005Metric,2.2k,smt,True
35.65,57.655,0.0,top,R2,,R_0402_1005Metric,200k,smt,True
3.96,48.415,180.0,top,R20,,R_0402_1005Metric,1k,smt,True
8.7,43.855,0.0,top,R21,,R_0402_1005Metric,1k,smt,True
9.47,47.375,90.0,top,R22,,R_0402_1005Metric,100k,smt,True
3.8,16.955,0.0,top,R23,,R_0402_1005Metric,2.4k,smt,True
0.975,14.83,-90.0,top,R24,,R_0402_1005Metric,3.3k,smt,True
9.15,14.405,90.0,top,R25,,R_0402_1005Metric,1.43k,smt,True
3.95,12.98,0.0,top,R26,,R_0402_1005Metric,1.1k,smt,True
6.115,22.32,0.0,top,R27,,R_0402_1005Metric,510,smt,True
6.115,21.32,0.0,top,R28,,R_0402_1005Metric,510,smt,True
6.1,20.33,0.0,top,R29,,R_0402_1005Metric,510,smt,True
37.54,57.645,0.0,top,R3,,R_0402_1005Metric,11.5k,smt,True
6.1,19.355,0.0,top,R30,,R_0402_1005Metric,510,smt,True
6.1,18.355,0.0,top,R31,,R_0402_1005Metric,510,smt,True
5.875,17.205,0.0,top,R32,,R_0402_1005Metric,510,smt,True
7.775,16.78,0.0,top,R33,,R_0402_1005Metric,510,smt,True
9.175,16.33,90.0,top,R34,,R_0402_1005Metric,510,smt,True
9.875,42.33,90.0,top,R35,,R_0402_1005Metric,10k,smt,True
6.475,28.68,180.0,top,R36,,R_0402_1005Metric,10k,smt,True
10.275,16.305,90.0,top,R37,,R_0402_1005Metric,510,smt,True
11.225,16.305,90.0,top,R38,,R_0402_1005Metric,510,smt,True
12.2,16.305,90.0,top,R39,,R_0402_1005Metric,510,smt,True
8.9,65.38,0.0,top,R4,,R_0402_1005Metric,1k,smt,True
12.9,18.18,-90.0,top,R40,,R_0402_1005Metric,510,smt,True
14.5,18.63,180.0,top,R41,,R_0402_1005Metric,510,smt,True
16.4,18.63,180.0,top,R42,,R_0402_1005Metric,510,smt,True
12.95,20.73,-90.0,top,R43,,R_0402_1005Metric,510,smt,True
11.825,22.98,0.0,top,R44,,R_0402_1005Metric,510,smt,True
8.6,62.92,90.0,top,R45,,R_0402_1005Metric,16k,smt,True
15.84,22.855,0.0,top,R46,,R_0402_1005Metric,2.4k,smt,True
13.775,14.03,90.0,top,R47,,R_0402_1005Metric,1M,smt,True
13.975,22.855,180.0,top,R48,,R_0402_1005Metric,3.3k,smt,True
10.625,11.88,180.0,top,R49,,R_0402_1005Metric,10k,smt,True
17.55,62.555,-90.0,top,R5,,R_0402_1005Metric,30k,smt,True
17.525,16.83,-90.0,top,R50,,R_0402_1005Metric,4.99k,smt,True
9.425,26.805,0.0,top,R51,,R_0402_1005Metric,1.43k,smt,True
15.2,14.48,180.0,top,R52,,R_0402_1005Metric,3.3k,smt,True
9.15,25.28,-90.0,top,R53,,R_0402_1005Metric,1.1k,smt,True
1.275,49.455,90.0,top,R54,,R_0402_1005Metric,300,smt,True
5.225,42.755,0.0,top,R55,,R_0402_1005Metric,300,smt,True
3.175,43.405,180.0,top,R56,,R_0402_1005Metric,300,smt,True
6.675,43.755,0.0,top,R57,,R_0402_1005Metric,300,smt,True
44.5,51.905,0.0,top,R58,,R_0402_1005Metric,300,smt,True
43.4,47.905,0.0,top,R59,,R_0402_1005Metric,300,smt,True
6.83,52.775,0.0,top,R6,,R_0402_1005Metric,100k,smt,True
39.875,44.92,-90.0,top,R60,,R_0402_1005Metric,300,smt,True
41.25,48.005,180.0,top,R61,,R_0402_1005Metric,300,smt,True
6.765,27.255,0.0,top,R62,,R_0402_1005Metric,10k,smt,True
43.97,49.595,90.0,top,R7,,R_0402_1005Metric,1k,smt,True
41.46,56.975,180.0,top,R8,,R_0402_1005Metric,100k,smt,True
39.37,51.425,90.0,top,R9,,R_0402_1005Metric,100k,smt,True
7.25,9.485,90.0,top,S1,,SW4_PTS815 SJM 250 SMTR LFS_CNK,PTS815 SJM 250 SMTR LFS,smt,True
41.7,9.485,90.0,top,S2,,SW4_PTS815 SJM 250 SMTR LFS_CNK,PTS815 SJM 250 SMTR LFS,smt,True
24.25,15.429999,0.0,top,S3,,SW4_PTS815 SJM 250 SMTR LFS_CNK,PTS815 SJM 250 SMTR LFS,smt,True
31.374999,9.485,-90.0,top,S4,,SW4_PTS815 SJM 250 SMTR LFS_CNK,PTS815 SJM 250 SMTR LFS,smt,True
17.2,9.485,90.0,top,S5,,SW4_PTS815 SJM 250 SMTR LFS_CNK,PTS815 SJM 250 SMTR LFS,smt,True
24.25,3.555,0.0,top,S6,,SW4_PTS815 SJM 250 SMTR LFS_CNK,PTS815 SJM 250 SMTR LFS,smt,True
24.25,9.485,0.0,top,S7,,SW4_PTS815 SJM 250 SMTR LFS_CNK,PTS815 SJM 250 SMTR LFS,smt,True
13.75,63.095,0.0,top,U1,,ADA4522-2ARMZ-R7,ADA4522-2ARMZ-R7,smt,True
15.2,16.355,0.0,top,U10,,SOT-363-6_2P2X1P35_ONS,2N7002KDW_R1_00001,smt,True
11.45,25.08,0.0,top,U11,,SOT-363-6_2P2X1P35_ONS,2N7002KDW_R1_00001,smt,True
9.765,19.88,0.0,top,U2,,QFN50P400X400X80-25N,TCA9535RTWR,smt,True
14.425,67.955001,0.0,top,U3,,SOT-23-5_MC_MCH,MCP73811T-420I/OT,smt,True
6.865,24.27,0.0,top,U4,,SOT-363-6_2P2X1P35_ONS,2N7002KDW_R1_00001,smt,True
6.85,14.83,0.0,top,U5,,SOT-363-6_2P2X1P35_ONS,2N7002KDW_R1_00001,smt,True
3.3,19.355,0.0,top,U6,,SOT-363-6_2P2X1P35_ONS,2N7002KDW_R1_00001,smt,True
3.3,14.98,0.0,top,U7,,SOT-363-6_2P2X1P35_ONS,2N7002KDW_R1_00001,smt,True
15.35,20.93,0.0,top,U8,,SOT-363-6_2P2X1P35_ONS,2N7002KDW_R1_00001,smt,True
11.5225,13.829999,0.0,top,U9,,SOT-363-6_2P2X1P35_ONS,2N7002KDW_R1_00001,smt,True
